0,AND_LSL
1,AND_LSL
2,AND_LSR
3,AND_LSR
4,AND_ASR
5,AND_ASR
6,AND_ROR
7,AND_ROR
8,AND_LSL
9,MUL
10,AND_LSR
11,STRH
12,AND_ASR
13,ILL
14,AND_ROR
15,ILL
16,ANDS_LSL
17,ANDS_LSL
18,ANDS_LSR
19,ANDS_LSR
20,ANDS_ASR
21,ANDS_ASR
22,ANDS_ROR
23,ANDS_ROR
24,ANDS_LSL
25,MULS
26,ANDS_LSR
27,LDRH
28,ANDS_ASR
29,LDRSB
30,ANDS_ROR
31,LDRSH
32,EOR_LSL
33,EOR_LSL
34,EOR_LSR
35,EOR_LSR
36,EOR_ASR
37,EOR_ASR
38,EOR_ROR
39,EOR_ROR
40,EOR_LSL
41,MLA
42,EOR_LSR
43,STRH
44,EOR_ASR
45,ILL
46,EOR_ROR
47,ILL
48,EORS_LSL
49,EORS_LSL
50,EORS_LSR
51,EORS_LSR
52,EORS_ASR
53,EORS_ASR
54,EORS_ROR
55,EORS_ROR
56,EORS_LSL
57,MLAS
58,EORS_LSR
59,LDRH
60,EORS_ASR
61,LDRSB
62,EORS_ROR
63,LDRSH
64,SUB_LSL
65,SUB_LSL
66,SUB_LSR
67,SUB_LSR
68,SUB_ASR
69,SUB_ASR
70,SUB_ROR
71,SUB_ROR
72,SUB_LSL
73,ILL
74,SUB_LSR
75,STRHI
76,SUB_ASR
77,ILL
78,SUB_ROR
79,ILL
80,SUBS_LSL
81,SUBS_LSL
82,SUBS_LSR
83,SUBS_LSR
84,SUBS_ASR
85,SUBS_ASR
86,SUBS_ROR
87,SUBS_ROR
88,SUBS_LSL
89,ILL
90,SUBS_LSR
91,LDRHI
92,SUBS_ASR
93,LDRSBI
94,SUBS_ROR
95,LDRSHI
96,RSB_LSL
97,RSB_LSL
98,RSB_LSR
99,RSB_LSR
100,RSB_ASR
101,RSB_ASR
102,RSB_ROR
103,RSB_ROR
104,RSB_LSL
105,ILL
106,RSB_LSR
107,STRHI
108,RSB_ASR
109,ILL
110,RSB_ROR
111,ILL
112,RSBS_LSL
113,RSBS_LSL
114,RSBS_LSR
115,RSBS_LSR
116,RSBS_ASR
117,RSBS_ASR
118,RSBS_ROR
119,RSBS_ROR
120,RSBS_LSL
121,ILL
122,RSBS_LSR
123,LDRHI
124,RSBS_ASR
125,LDRSBI
126,RSBS_ROR
127,LDRSHI
128,ADD_LSL
129,ADD_LSL
130,ADD_LSR
131,ADD_LSR
132,ADD_ASR
133,ADD_ASR
134,ADD_ROR
135,ADD_ROR
136,ADD_LSL
137,UMULL
138,ADD_LSR
139,STRHU
140,ADD_ASR
141,ILL
142,ADD_ROR
143,ILL
144,ADDS_LSL
145,ADDS_LSL
146,ADDS_LSR
147,ADDS_LSR
148,ADDS_ASR
149,ADDS_ASR
150,ADDS_ROR
151,ADDS_ROR
152,ADDS_LSL
153,UMULLS
154,ADDS_LSR
155,LDRHU
156,ADDS_ASR
157,LDRSBU
158,ADDS_ROR
159,LDRSHU
160,ADC_LSL
161,ADC_LSL
162,ADC_LSR
163,ADC_LSR
164,ADC_ASR
165,ADC_ASR
166,ADC_ROR
167,ADC_ROR
168,ADC_LSL
169,UMLAL
170,ADC_LSR
171,STRHU
172,ADC_ASR
173,ILL
174,ADC_ROR
175,ILL
176,ADCS_LSL
177,ADCS_LSL
178,ADCS_LSR
179,ADCS_LSR
180,ADCS_ASR
181,ADCS_ASR
182,ADCS_ROR
183,ADCS_ROR
184,ADCS_LSL
185,UMLALS
186,ADCS_LSR
187,LDRHU
188,ADCS_ASR
189,LDRSBU
190,ADCS_ROR
191,LDRSHU
192,SBC_LSL
193,SBC_LSL
194,SBC_LSR
195,SBC_LSR
196,SBC_ASR
197,SBC_ASR
198,SBC_ROR
199,SBC_ROR
200,SBC_LSL
201,SMULL
202,SBC_LSR
203,STRHIU
204,SBC_ASR
205,ILL
206,SBC_ROR
207,ILL
208,SBCS_LSL
209,SBCS_LSL
210,SBCS_LSR
211,SBCS_LSR
212,SBCS_ASR
213,SBCS_ASR
214,SBCS_ROR
215,SBCS_ROR
216,SBCS_LSL
217,SMULLS
218,SBCS_LSR
219,LDRHIU
220,SBCS_ASR
221,LDRSBIU
222,SBCS_ROR
223,LDRSHIU
224,RSC_LSL
225,RSC_LSL
226,RSC_LSR
227,RSC_LSR
228,RSC_ASR
229,RSC_ASR
230,RSC_ROR
231,RSC_ROR
232,RSC_LSL
233,SMLAL
234,RSC_LSR
235,STRHIU
236,RSC_ASR
237,ILL
238,RSC_ROR
239,ILL
240,RSCS_LSL
241,RSCS_LSL
242,RSCS_LSR
243,RSCS_LSR
244,RSCS_ASR
245,RSCS_ASR
246,RSCS_ROR
247,RSCS_ROR
248,RSCS_LSL
249,SMLALS
250,RSCS_LSR
251,LDRHIU
252,RSCS_ASR
253,LDRSBIU
254,RSCS_ROR
255,LDRSHIU
256,MRS
257,ILL
258,ILL
259,ILL
260,ILL
261,ILL
262,ILL
263,ILL
264,ILL
265,SWP
266,ILL
267,STRHP
268,ILL
269,ILL
270,ILL
271,ILL
272,TST_LSL
273,TST_LSL
274,TST_LSR
275,TST_LSR
276,TST_ASR
277,TST_ASR
278,TST_ROR
279,TST_ROR
280,TST_LSL
281,ILL
282,TST_LSR
283,LDRHP
284,TST_ASR
285,LDRSBP
286,TST_ROR
287,LDRSHP
288,MSR
289,BX
290,ILL
291,ILL
292,ILL
293,ILL
294,ILL
295,BKPT
296,ILL
297,ILL
298,ILL
299,STRHPW
300,ILL
301,ILL
302,ILL
303,ILL
304,TEQ_LSL
305,TEQ_LSL
306,TEQ_LSR
307,TEQ_LSR
308,TEQ_ASR
309,TEQ_ASR
310,TEQ_ROR
311,TEQ_ROR
312,TEQ_LSL
313,ILL
314,TEQ_LSR
315,LDRHPW
316,TEQ_ASR
317,LDRSBPW
318,TEQ_ROR
319,LDRSHPW
320,MRSR
321,ILL
322,ILL
323,ILL
324,ILL
325,ILL
326,ILL
327,ILL
328,ILL
329,SWPB
330,ILL
331,STRHIP
332,ILL
333,ILL
334,ILL
335,ILL
336,CMP_LSL
337,CMP_LSL
338,CMP_LSR
339,CMP_LSR
340,CMP_ASR
341,CMP_ASR
342,CMP_ROR
343,CMP_ROR
344,CMP_LSL
345,ILL
346,CMP_LSR
347,LDRHIP
348,CMP_ASR
349,LDRSBIP
350,CMP_ROR
351,LDRSHIP
352,MSRR
353,ILL
354,ILL
355,ILL
356,ILL
357,ILL
358,ILL
359,ILL
360,ILL
361,ILL
362,ILL
363,STRHIPW
364,ILL
365,ILL
366,ILL
367,ILL
368,CMN_LSL
369,CMN_LSL
370,CMN_LSR
371,CMN_LSR
372,CMN_ASR
373,CMN_ASR
374,CMN_ROR
375,CMN_ROR
376,CMN_LSL
377,ILL
378,CMN_LSR
379,LDRHIPW
380,CMN_ASR
381,LDRSBIPW
382,CMN_ROR
383,LDRSHIPW
384,ORR_LSL
385,ORR_LSL
386,ORR_LSR
387,ORR_LSR
388,ORR_ASR
389,ORR_ASR
390,ORR_ROR
391,ORR_ROR
392,ORR_LSL
393,SMLAL
394,ORR_LSR
395,STRHPU
396,ORR_ASR
397,ILL
398,ORR_ROR
399,ILL
400,ORRS_LSL
401,ORRS_LSL
402,ORRS_LSR
403,ORRS_LSR
404,ORRS_ASR
405,ORRS_ASR
406,ORRS_ROR
407,ORRS_ROR
408,ORRS_LSL
409,SMLALS
410,ORRS_LSR
411,LDRHPU
412,ORRS_ASR
413,LDRSBPU
414,ORRS_ROR
415,LDRSHPU
416,MOV_LSL
417,MOV_LSL
418,MOV_LSR
419,MOV_LSR
420,MOV_ASR
421,MOV_ASR
422,MOV_ROR
423,MOV_ROR
424,MOV_LSL
425,SMLAL
426,MOV_LSR
427,STRHPUW
428,MOV_ASR
429,ILL
430,MOV_ROR
431,ILL
432,MOVS_LSL
433,MOVS_LSL
434,MOVS_LSR
435,MOVS_LSR
436,MOVS_ASR
437,MOVS_ASR
438,MOVS_ROR
439,MOVS_ROR
440,MOVS_LSL
441,SMLALS
442,MOVS_LSR
443,LDRHPUW
444,MOVS_ASR
445,LDRSBPUW
446,MOVS_ROR
447,LDRSHPUW
448,BIC_LSL
449,BIC_LSL
450,BIC_LSR
451,BIC_LSR
452,BIC_ASR
453,BIC_ASR
454,BIC_ROR
455,BIC_ROR
456,BIC_LSL
457,SMLAL
458,BIC_LSR
459,STRHIPU
460,BIC_ASR
461,ILL
462,BIC_ROR
463,ILL
464,BICS_LSL
465,BICS_LSL
466,BICS_LSR
467,BICS_LSR
468,BICS_ASR
469,BICS_ASR
470,BICS_ROR
471,BICS_ROR
472,BICS_LSL
473,SMLALS
474,BICS_LSR
475,LDRHIPU
476,BICS_ASR
477,LDRSBIPU
478,BICS_ROR
479,LDRSHIPU
480,MVN_LSL
481,MVN_LSL
482,MVN_LSR
483,MVN_LSR
484,MVN_ASR
485,MVN_ASR
486,MVN_ROR
487,MVN_ROR
488,MVN_LSL
489,SMLAL
490,MVN_LSR
491,STRHIPUW
492,MVN_ASR
493,ILL
494,MVN_ROR
495,ILL
496,MVNS_LSL
497,MVNS_LSL
498,MVNS_LSR
499,MVNS_LSR
500,MVNS_ASR
501,MVNS_ASR
502,MVNS_ROR
503,MVNS_ROR
504,MVNS_LSL
505,SMLALS
506,MVNS_LSR
507,LDRHIPUW
508,MVNS_ASR
509,LDRSBIPUW
510,MVNS_ROR
511,LDRSHIPUW
512,ANDI
513,ANDI
514,ANDI
515,ANDI
516,ANDI
517,ANDI
518,ANDI
519,ANDI
520,ANDI
521,ANDI
522,ANDI
523,ANDI
524,ANDI
525,ANDI
526,ANDI
527,ANDI
528,ANDSI
529,ANDSI
530,ANDSI
531,ANDSI
532,ANDSI
533,ANDSI
534,ANDSI
535,ANDSI
536,ANDSI
537,ANDSI
538,ANDSI
539,ANDSI
540,ANDSI
541,ANDSI
542,ANDSI
543,ANDSI
544,EORI
545,EORI
546,EORI
547,EORI
548,EORI
549,EORI
550,EORI
551,EORI
552,EORI
553,EORI
554,EORI
555,EORI
556,EORI
557,EORI
558,EORI
559,EORI
560,EORSI
561,EORSI
562,EORSI
563,EORSI
564,EORSI
565,EORSI
566,EORSI
567,EORSI
568,EORSI
569,EORSI
570,EORSI
571,EORSI
572,EORSI
573,EORSI
574,EORSI
575,EORSI
576,SUBI
577,SUBI
578,SUBI
579,SUBI
580,SUBI
581,SUBI
582,SUBI
583,SUBI
584,SUBI
585,SUBI
586,SUBI
587,SUBI
588,SUBI
589,SUBI
590,SUBI
591,SUBI
592,SUBSI
593,SUBSI
594,SUBSI
595,SUBSI
596,SUBSI
597,SUBSI
598,SUBSI
599,SUBSI
600,SUBSI
601,SUBSI
602,SUBSI
603,SUBSI
604,SUBSI
605,SUBSI
606,SUBSI
607,SUBSI
608,RSBI
609,RSBI
610,RSBI
611,RSBI
612,RSBI
613,RSBI
614,RSBI
615,RSBI
616,RSBI
617,RSBI
618,RSBI
619,RSBI
620,RSBI
621,RSBI
622,RSBI
623,RSBI
624,RSBSI
625,RSBSI
626,RSBSI
627,RSBSI
628,RSBSI
629,RSBSI
630,RSBSI
631,RSBSI
632,RSBSI
633,RSBSI
634,RSBSI
635,RSBSI
636,RSBSI
637,RSBSI
638,RSBSI
639,RSBSI
640,ADDI
641,ADDI
642,ADDI
643,ADDI
644,ADDI
645,ADDI
646,ADDI
647,ADDI
648,ADDI
649,ADDI
650,ADDI
651,ADDI
652,ADDI
653,ADDI
654,ADDI
655,ADDI
656,ADDSI
657,ADDSI
658,ADDSI
659,ADDSI
660,ADDSI
661,ADDSI
662,ADDSI
663,ADDSI
664,ADDSI
665,ADDSI
666,ADDSI
667,ADDSI
668,ADDSI
669,ADDSI
670,ADDSI
671,ADDSI
672,ADCI
673,ADCI
674,ADCI
675,ADCI
676,ADCI
677,ADCI
678,ADCI
679,ADCI
680,ADCI
681,ADCI
682,ADCI
683,ADCI
684,ADCI
685,ADCI
686,ADCI
687,ADCI
688,ADCSI
689,ADCSI
690,ADCSI
691,ADCSI
692,ADCSI
693,ADCSI
694,ADCSI
695,ADCSI
696,ADCSI
697,ADCSI
698,ADCSI
699,ADCSI
700,ADCSI
701,ADCSI
702,ADCSI
703,ADCSI
704,SBCI
705,SBCI
706,SBCI
707,SBCI
708,SBCI
709,SBCI
710,SBCI
711,SBCI
712,SBCI
713,SBCI
714,SBCI
715,SBCI
716,SBCI
717,SBCI
718,SBCI
719,SBCI
720,SBCSI
721,SBCSI
722,SBCSI
723,SBCSI
724,SBCSI
725,SBCSI
726,SBCSI
727,SBCSI
728,SBCSI
729,SBCSI
730,SBCSI
731,SBCSI
732,SBCSI
733,SBCSI
734,SBCSI
735,SBCSI
736,RSCI
737,RSCI
738,RSCI
739,RSCI
740,RSCI
741,RSCI
742,RSCI
743,RSCI
744,RSCI
745,RSCI
746,RSCI
747,RSCI
748,RSCI
749,RSCI
750,RSCI
751,RSCI
752,RSCSI
753,RSCSI
754,RSCSI
755,RSCSI
756,RSCSI
757,RSCSI
758,RSCSI
759,RSCSI
760,RSCSI
761,RSCSI
762,RSCSI
763,RSCSI
764,RSCSI
765,RSCSI
766,RSCSI
767,RSCSI
768,TSTI
769,TSTI
770,TSTI
771,TSTI
772,TSTI
773,TSTI
774,TSTI
775,TSTI
776,TSTI
777,TSTI
778,TSTI
779,TSTI
780,TSTI
781,TSTI
782,TSTI
783,TSTI
784,TSTI
785,TSTI
786,TSTI
787,TSTI
788,TSTI
789,TSTI
790,TSTI
791,TSTI
792,TSTI
793,TSTI
794,TSTI
795,TSTI
796,TSTI
797,TSTI
798,TSTI
799,TSTI
800,MSRI
801,MSRI
802,MSRI
803,MSRI
804,MSRI
805,MSRI
806,MSRI
807,MSRI
808,MSRI
809,MSRI
810,MSRI
811,MSRI
812,MSRI
813,MSRI
814,MSRI
815,MSRI
816,TEQI
817,TEQI
818,TEQI
819,TEQI
820,TEQI
821,TEQI
822,TEQI
823,TEQI
824,TEQI
825,TEQI
826,TEQI
827,TEQI
828,TEQI
829,TEQI
830,TEQI
831,TEQI
832,CMPI
833,CMPI
834,CMPI
835,CMPI
836,CMPI
837,CMPI
838,CMPI
839,CMPI
840,CMPI
841,CMPI
842,CMPI
843,CMPI
844,CMPI
845,CMPI
846,CMPI
847,CMPI
848,CMPI
849,CMPI
850,CMPI
851,CMPI
852,CMPI
853,CMPI
854,CMPI
855,CMPI
856,CMPI
857,CMPI
858,CMPI
859,CMPI
860,CMPI
861,CMPI
862,CMPI
863,CMPI
864,MSRRI
865,MSRRI
866,MSRRI
867,MSRRI
868,MSRRI
869,MSRRI
870,MSRRI
871,MSRRI
872,MSRRI
873,MSRRI
874,MSRRI
875,MSRRI
876,MSRRI
877,MSRRI
878,MSRRI
879,MSRRI
880,CMNI
881,CMNI
882,CMNI
883,CMNI
884,CMNI
885,CMNI
886,CMNI
887,CMNI
888,CMNI
889,CMNI
890,CMNI
891,CMNI
892,CMNI
893,CMNI
894,CMNI
895,CMNI
896,ORRI
897,ORRI
898,ORRI
899,ORRI
900,ORRI
901,ORRI
902,ORRI
903,ORRI
904,ORRI
905,ORRI
906,ORRI
907,ORRI
908,ORRI
909,ORRI
910,ORRI
911,ORRI
912,ORRSI
913,ORRSI
914,ORRSI
915,ORRSI
916,ORRSI
917,ORRSI
918,ORRSI
919,ORRSI
920,ORRSI
921,ORRSI
922,ORRSI
923,ORRSI
924,ORRSI
925,ORRSI
926,ORRSI
927,ORRSI
928,MOVI
929,MOVI
930,MOVI
931,MOVI
932,MOVI
933,MOVI
934,MOVI
935,MOVI
936,MOVI
937,MOVI
938,MOVI
939,MOVI
940,MOVI
941,MOVI
942,MOVI
943,MOVI
944,MOVSI
945,MOVSI
946,MOVSI
947,MOVSI
948,MOVSI
949,MOVSI
950,MOVSI
951,MOVSI
952,MOVSI
953,MOVSI
954,MOVSI
955,MOVSI
956,MOVSI
957,MOVSI
958,MOVSI
959,MOVSI
960,BICI
961,BICI
962,BICI
963,BICI
964,BICI
965,BICI
966,BICI
967,BICI
968,BICI
969,BICI
970,BICI
971,BICI
972,BICI
973,BICI
974,BICI
975,BICI
976,BICSI
977,BICSI
978,BICSI
979,BICSI
980,BICSI
981,BICSI
982,BICSI
983,BICSI
984,BICSI
985,BICSI
986,BICSI
987,BICSI
988,BICSI
989,BICSI
990,BICSI
991,BICSI
992,MVNI
993,MVNI
994,MVNI
995,MVNI
996,MVNI
997,MVNI
998,MVNI
999,MVNI
1000,MVNI
1001,MVNI
1002,MVNI
1003,MVNI
1004,MVNI
1005,MVNI
1006,MVNI
1007,MVNI
1008,MVNSI
1009,MVNSI
1010,MVNSI
1011,MVNSI
1012,MVNSI
1013,MVNSI
1014,MVNSI
1015,MVNSI
1016,MVNSI
1017,MVNSI
1018,MVNSI
1019,MVNSI
1020,MVNSI
1021,MVNSI
1022,MVNSI
1023,MVNSI
1024,STRI
1025,STRI
1026,STRI
1027,STRI
1028,STRI
1029,STRI
1030,STRI
1031,STRI
1032,STRI
1033,STRI
1034,STRI
1035,STRI
1036,STRI
1037,STRI
1038,STRI
1039,STRI
1040,LDRI
1041,LDRI
1042,LDRI
1043,LDRI
1044,LDRI
1045,LDRI
1046,LDRI
1047,LDRI
1048,LDRI
1049,LDRI
1050,LDRI
1051,LDRI
1052,LDRI
1053,LDRI
1054,LDRI
1055,LDRI
1056,STRTI
1057,STRTI
1058,STRTI
1059,STRTI
1060,STRTI
1061,STRTI
1062,STRTI
1063,STRTI
1064,STRTI
1065,STRTI
1066,STRTI
1067,STRTI
1068,STRTI
1069,STRTI
1070,STRTI
1071,STRTI
1072,LDRTI
1073,LDRTI
1074,LDRTI
1075,LDRTI
1076,LDRTI
1077,LDRTI
1078,LDRTI
1079,LDRTI
1080,LDRTI
1081,LDRTI
1082,LDRTI
1083,LDRTI
1084,LDRTI
1085,LDRTI
1086,LDRTI
1087,LDRTI
1088,STRBI
1089,STRBI
1090,STRBI
1091,STRBI
1092,STRBI
1093,STRBI
1094,STRBI
1095,STRBI
1096,STRBI
1097,STRBI
1098,STRBI
1099,STRBI
1100,STRBI
1101,STRBI
1102,STRBI
1103,STRBI
1104,LDRBI
1105,LDRBI
1106,LDRBI
1107,LDRBI
1108,LDRBI
1109,LDRBI
1110,LDRBI
1111,LDRBI
1112,LDRBI
1113,LDRBI
1114,LDRBI
1115,LDRBI
1116,LDRBI
1117,LDRBI
1118,LDRBI
1119,LDRBI
1120,STRBTI
1121,STRBTI
1122,STRBTI
1123,STRBTI
1124,STRBTI
1125,STRBTI
1126,STRBTI
1127,STRBTI
1128,STRBTI
1129,STRBTI
1130,STRBTI
1131,STRBTI
1132,STRBTI
1133,STRBTI
1134,STRBTI
1135,STRBTI
1136,LDRBTI
1137,LDRBTI
1138,LDRBTI
1139,LDRBTI
1140,LDRBTI
1141,LDRBTI
1142,LDRBTI
1143,LDRBTI
1144,LDRBTI
1145,LDRBTI
1146,LDRBTI
1147,LDRBTI
1148,LDRBTI
1149,LDRBTI
1150,LDRBTI
1151,LDRBTI
1152,STRIU
1153,STRIU
1154,STRIU
1155,STRIU
1156,STRIU
1157,STRIU
1158,STRIU
1159,STRIU
1160,STRIU
1161,STRIU
1162,STRIU
1163,STRIU
1164,STRIU
1165,STRIU
1166,STRIU
1167,STRIU
1168,LDRIU
1169,LDRIU
1170,LDRIU
1171,LDRIU
1172,LDRIU
1173,LDRIU
1174,LDRIU
1175,LDRIU
1176,LDRIU
1177,LDRIU
1178,LDRIU
1179,LDRIU
1180,LDRIU
1181,LDRIU
1182,LDRIU
1183,LDRIU
1184,STRTIU
1185,STRTIU
1186,STRTIU
1187,STRTIU
1188,STRTIU
1189,STRTIU
1190,STRTIU
1191,STRTIU
1192,STRTIU
1193,STRTIU
1194,STRTIU
1195,STRTIU
1196,STRTIU
1197,STRTIU
1198,STRTIU
1199,STRTIU
1200,LDRTIU
1201,LDRTIU
1202,LDRTIU
1203,LDRTIU
1204,LDRTIU
1205,LDRTIU
1206,LDRTIU
1207,LDRTIU
1208,LDRTIU
1209,LDRTIU
1210,LDRTIU
1211,LDRTIU
1212,LDRTIU
1213,LDRTIU
1214,LDRTIU
1215,LDRTIU
1216,STRBIU
1217,STRBIU
1218,STRBIU
1219,STRBIU
1220,STRBIU
1221,STRBIU
1222,STRBIU
1223,STRBIU
1224,STRBIU
1225,STRBIU
1226,STRBIU
1227,STRBIU
1228,STRBIU
1229,STRBIU
1230,STRBIU
1231,STRBIU
1232,LDRBIU
1233,LDRBIU
1234,LDRBIU
1235,LDRBIU
1236,LDRBIU
1237,LDRBIU
1238,LDRBIU
1239,LDRBIU
1240,LDRBIU
1241,LDRBIU
1242,LDRBIU
1243,LDRBIU
1244,LDRBIU
1245,LDRBIU
1246,LDRBIU
1247,LDRBIU
1248,STRBTIU
1249,STRBTIU
1250,STRBTIU
1251,STRBTIU
1252,STRBTIU
1253,STRBTIU
1254,STRBTIU
1255,STRBTIU
1256,STRBTIU
1257,STRBTIU
1258,STRBTIU
1259,STRBTIU
1260,STRBTIU
1261,STRBTIU
1262,STRBTIU
1263,STRBTIU
1264,LDRBTIU
1265,LDRBTIU
1266,LDRBTIU
1267,LDRBTIU
1268,LDRBTIU
1269,LDRBTIU
1270,LDRBTIU
1271,LDRBTIU
1272,LDRBTIU
1273,LDRBTIU
1274,LDRBTIU
1275,LDRBTIU
1276,LDRBTIU
1277,LDRBTIU
1278,LDRBTIU
1279,LDRBTIU
1280,STRIP
1281,STRIP
1282,STRIP
1283,STRIP
1284,STRIP
1285,STRIP
1286,STRIP
1287,STRIP
1288,STRIP
1289,STRIP
1290,STRIP
1291,STRIP
1292,STRIP
1293,STRIP
1294,STRIP
1295,STRIP
1296,LDRIP
1297,LDRIP
1298,LDRIP
1299,LDRIP
1300,LDRIP
1301,LDRIP
1302,LDRIP
1303,LDRIP
1304,LDRIP
1305,LDRIP
1306,LDRIP
1307,LDRIP
1308,LDRIP
1309,LDRIP
1310,LDRIP
1311,LDRIP
1312,STRIPW
1313,STRIPW
1314,STRIPW
1315,STRIPW
1316,STRIPW
1317,STRIPW
1318,STRIPW
1319,STRIPW
1320,STRIPW
1321,STRIPW
1322,STRIPW
1323,STRIPW
1324,STRIPW
1325,STRIPW
1326,STRIPW
1327,STRIPW
1328,LDRIPW
1329,LDRIPW
1330,LDRIPW
1331,LDRIPW
1332,LDRIPW
1333,LDRIPW
1334,LDRIPW
1335,LDRIPW
1336,LDRIPW
1337,LDRIPW
1338,LDRIPW
1339,LDRIPW
1340,LDRIPW
1341,LDRIPW
1342,LDRIPW
1343,LDRIPW
1344,STRBIP
1345,STRBIP
1346,STRBIP
1347,STRBIP
1348,STRBIP
1349,STRBIP
1350,STRBIP
1351,STRBIP
1352,STRBIP
1353,STRBIP
1354,STRBIP
1355,STRBIP
1356,STRBIP
1357,STRBIP
1358,STRBIP
1359,STRBIP
1360,LDRBIP
1361,LDRBIP
1362,LDRBIP
1363,LDRBIP
1364,LDRBIP
1365,LDRBIP
1366,LDRBIP
1367,LDRBIP
1368,LDRBIP
1369,LDRBIP
1370,LDRBIP
1371,LDRBIP
1372,LDRBIP
1373,LDRBIP
1374,LDRBIP
1375,LDRBIP
1376,STRBIPW
1377,STRBIPW
1378,STRBIPW
1379,STRBIPW
1380,STRBIPW
1381,STRBIPW
1382,STRBIPW
1383,STRBIPW
1384,STRBIPW
1385,STRBIPW
1386,STRBIPW
1387,STRBIPW
1388,STRBIPW
1389,STRBIPW
1390,STRBIPW
1391,STRBIPW
1392,LDRBIPW
1393,LDRBIPW
1394,LDRBIPW
1395,LDRBIPW
1396,LDRBIPW
1397,LDRBIPW
1398,LDRBIPW
1399,LDRBIPW
1400,LDRBIPW
1401,LDRBIPW
1402,LDRBIPW
1403,LDRBIPW
1404,LDRBIPW
1405,LDRBIPW
1406,LDRBIPW
1407,LDRBIPW
1408,STRIPU
1409,STRIPU
1410,STRIPU
1411,STRIPU
1412,STRIPU
1413,STRIPU
1414,STRIPU
1415,STRIPU
1416,STRIPU
1417,STRIPU
1418,STRIPU
1419,STRIPU
1420,STRIPU
1421,STRIPU
1422,STRIPU
1423,STRIPU
1424,LDRIPU
1425,LDRIPU
1426,LDRIPU
1427,LDRIPU
1428,LDRIPU
1429,LDRIPU
1430,LDRIPU
1431,LDRIPU
1432,LDRIPU
1433,LDRIPU
1434,LDRIPU
1435,LDRIPU
1436,LDRIPU
1437,LDRIPU
1438,LDRIPU
1439,LDRIPU
1440,STRIPUW
1441,STRIPUW
1442,STRIPUW
1443,STRIPUW
1444,STRIPUW
1445,STRIPUW
1446,STRIPUW
1447,STRIPUW
1448,STRIPUW
1449,STRIPUW
1450,STRIPUW
1451,STRIPUW
1452,STRIPUW
1453,STRIPUW
1454,STRIPUW
1455,STRIPUW
1456,LDRIPUW
1457,LDRIPUW
1458,LDRIPUW
1459,LDRIPUW
1460,LDRIPUW
1461,LDRIPUW
1462,LDRIPUW
1463,LDRIPUW
1464,LDRIPUW
1465,LDRIPUW
1466,LDRIPUW
1467,LDRIPUW
1468,LDRIPUW
1469,LDRIPUW
1470,LDRIPUW
1471,LDRIPUW
1472,STRBIPU
1473,STRBIPU
1474,STRBIPU
1475,STRBIPU
1476,STRBIPU
1477,STRBIPU
1478,STRBIPU
1479,STRBIPU
1480,STRBIPU
1481,STRBIPU
1482,STRBIPU
1483,STRBIPU
1484,STRBIPU
1485,STRBIPU
1486,STRBIPU
1487,STRBIPU
1488,LDRBIPU
1489,LDRBIPU
1490,LDRBIPU
1491,LDRBIPU
1492,LDRBIPU
1493,LDRBIPU
1494,LDRBIPU
1495,LDRBIPU
1496,LDRBIPU
1497,LDRBIPU
1498,LDRBIPU
1499,LDRBIPU
1500,LDRBIPU
1501,LDRBIPU
1502,LDRBIPU
1503,LDRBIPU
1504,STRBIPUW
1505,STRBIPUW
1506,STRBIPUW
1507,STRBIPUW
1508,STRBIPUW
1509,STRBIPUW
1510,STRBIPUW
1511,STRBIPUW
1512,STRBIPUW
1513,STRBIPUW
1514,STRBIPUW
1515,STRBIPUW
1516,STRBIPUW
1517,STRBIPUW
1518,STRBIPUW
1519,STRBIPUW
1520,LDRBIPUW
1521,LDRBIPUW
1522,LDRBIPUW
1523,LDRBIPUW
1524,LDRBIPUW
1525,LDRBIPUW
1526,LDRBIPUW
1527,LDRBIPUW
1528,LDRBIPUW
1529,LDRBIPUW
1530,LDRBIPUW
1531,LDRBIPUW
1532,LDRBIPUW
1533,LDRBIPUW
1534,LDRBIPUW
1535,LDRBIPUW
1536,STR_LSL_
1537,ILL
1538,STR_LSR_
1539,ILL
1540,STR_ASR_
1541,ILL
1542,STR_ROR_
1543,ILL
1544,STR_LSL_
1545,ILL
1546,STR_LSR_
1547,ILL
1548,STR_ASR_
1549,ILL
1550,STR_ROR_
1551,ILL
1552,LDR_LSL_
1553,ILL
1554,LDR_LSR_
1555,ILL
1556,LDR_ASR_
1557,ILL
1558,LDR_ROR_
1559,ILL
1560,LDR_LSL_
1561,ILL
1562,LDR_LSR_
1563,ILL
1564,LDR_ASR_
1565,ILL
1566,LDR_ROR_
1567,ILL
1568,STRT_LSL_
1569,ILL
1570,STRT_LSR_
1571,ILL
1572,STRT_ASR_
1573,ILL
1574,STRT_ROR_
1575,ILL
1576,STRT_LSL_
1577,ILL
1578,STRT_LSR_
1579,ILL
1580,STRT_ASR_
1581,ILL
1582,STRT_ROR_
1583,ILL
1584,LDRT_LSL_
1585,ILL
1586,LDRT_LSR_
1587,ILL
1588,LDRT_ASR_
1589,ILL
1590,LDRT_ROR_
1591,ILL
1592,LDRT_LSL_
1593,ILL
1594,LDRT_LSR_
1595,ILL
1596,LDRT_ASR_
1597,ILL
1598,LDRT_ROR_
1599,ILL
1600,STRB_LSL_
1601,ILL
1602,STRB_LSR_
1603,ILL
1604,STRB_ASR_
1605,ILL
1606,STRB_ROR_
1607,ILL
1608,STRB_LSL_
1609,ILL
1610,STRB_LSR_
1611,ILL
1612,STRB_ASR_
1613,ILL
1614,STRB_ROR_
1615,ILL
1616,LDRB_LSL_
1617,ILL
1618,LDRB_LSR_
1619,ILL
1620,LDRB_ASR_
1621,ILL
1622,LDRB_ROR_
1623,ILL
1624,LDRB_LSL_
1625,ILL
1626,LDRB_LSR_
1627,ILL
1628,LDRB_ASR_
1629,ILL
1630,LDRB_ROR_
1631,ILL
1632,STRBT_LSL_
1633,ILL
1634,STRBT_LSR_
1635,ILL
1636,STRBT_ASR_
1637,ILL
1638,STRBT_ROR_
1639,ILL
1640,STRBT_LSL_
1641,ILL
1642,STRBT_LSR_
1643,ILL
1644,STRBT_ASR_
1645,ILL
1646,STRBT_ROR_
1647,ILL
1648,LDRBT_LSL_
1649,ILL
1650,LDRBT_LSR_
1651,ILL
1652,LDRBT_ASR_
1653,ILL
1654,LDRBT_ROR_
1655,ILL
1656,LDRBT_LSL_
1657,ILL
1658,LDRBT_LSR_
1659,ILL
1660,LDRBT_ASR_
1661,ILL
1662,LDRBT_ROR_
1663,ILL
1664,STR_LSL_U
1665,ILL
1666,STR_LSR_U
1667,ILL
1668,STR_ASR_U
1669,ILL
1670,STR_ROR_U
1671,ILL
1672,STR_LSL_U
1673,ILL
1674,STR_LSR_U
1675,ILL
1676,STR_ASR_U
1677,ILL
1678,STR_ROR_U
1679,ILL
1680,LDR_LSL_U
1681,ILL
1682,LDR_LSR_U
1683,ILL
1684,LDR_ASR_U
1685,ILL
1686,LDR_ROR_U
1687,ILL
1688,LDR_LSL_U
1689,ILL
1690,LDR_LSR_U
1691,ILL
1692,LDR_ASR_U
1693,ILL
1694,LDR_ROR_U
1695,ILL
1696,STRT_LSL_U
1697,ILL
1698,STRT_LSR_U
1699,ILL
1700,STRT_ASR_U
1701,ILL
1702,STRT_ROR_U
1703,ILL
1704,STRT_LSL_U
1705,ILL
1706,STRT_LSR_U
1707,ILL
1708,STRT_ASR_U
1709,ILL
1710,STRT_ROR_U
1711,ILL
1712,LDRT_LSL_U
1713,ILL
1714,LDRT_LSR_U
1715,ILL
1716,LDRT_ASR_U
1717,ILL
1718,LDRT_ROR_U
1719,ILL
1720,LDRT_LSL_U
1721,ILL
1722,LDRT_LSR_U
1723,ILL
1724,LDRT_ASR_U
1725,ILL
1726,LDRT_ROR_U
1727,ILL
1728,STRB_LSL_U
1729,ILL
1730,STRB_LSR_U
1731,ILL
1732,STRB_ASR_U
1733,ILL
1734,STRB_ROR_U
1735,ILL
1736,STRB_LSL_U
1737,ILL
1738,STRB_LSR_U
1739,ILL
1740,STRB_ASR_U
1741,ILL
1742,STRB_ROR_U
1743,ILL
1744,LDRB_LSL_U
1745,ILL
1746,LDRB_LSR_U
1747,ILL
1748,LDRB_ASR_U
1749,ILL
1750,LDRB_ROR_U
1751,ILL
1752,LDRB_LSL_U
1753,ILL
1754,LDRB_LSR_U
1755,ILL
1756,LDRB_ASR_U
1757,ILL
1758,LDRB_ROR_U
1759,ILL
1760,STRBT_LSL_U
1761,ILL
1762,STRBT_LSR_U
1763,ILL
1764,STRBT_ASR_U
1765,ILL
1766,STRBT_ROR_U
1767,ILL
1768,STRBT_LSL_U
1769,ILL
1770,STRBT_LSR_U
1771,ILL
1772,STRBT_ASR_U
1773,ILL
1774,STRBT_ROR_U
1775,ILL
1776,LDRBT_LSL_U
1777,ILL
1778,LDRBT_LSR_U
1779,ILL
1780,LDRBT_ASR_U
1781,ILL
1782,LDRBT_ROR_U
1783,ILL
1784,LDRBT_LSL_U
1785,ILL
1786,LDRBT_LSR_U
1787,ILL
1788,LDRBT_ASR_U
1789,ILL
1790,LDRBT_ROR_U
1791,ILL
1792,STR_LSL_P
1793,ILL
1794,STR_LSR_P
1795,ILL
1796,STR_ASR_P
1797,ILL
1798,STR_ROR_P
1799,ILL
1800,STR_LSL_P
1801,ILL
1802,STR_LSR_P
1803,ILL
1804,STR_ASR_P
1805,ILL
1806,STR_ROR_P
1807,ILL
1808,LDR_LSL_P
1809,ILL
1810,LDR_LSR_P
1811,ILL
1812,LDR_ASR_P
1813,ILL
1814,LDR_ROR_P
1815,ILL
1816,LDR_LSL_P
1817,ILL
1818,LDR_LSR_P
1819,ILL
1820,LDR_ASR_P
1821,ILL
1822,LDR_ROR_P
1823,ILL
1824,STR_LSL_PW
1825,ILL
1826,STR_LSR_PW
1827,ILL
1828,STR_ASR_PW
1829,ILL
1830,STR_ROR_PW
1831,ILL
1832,STR_LSL_PW
1833,ILL
1834,STR_LSR_PW
1835,ILL
1836,STR_ASR_PW
1837,ILL
1838,STR_ROR_PW
1839,ILL
1840,LDR_LSL_PW
1841,ILL
1842,LDR_LSR_PW
1843,ILL
1844,LDR_ASR_PW
1845,ILL
1846,LDR_ROR_PW
1847,ILL
1848,LDR_LSL_PW
1849,ILL
1850,LDR_LSR_PW
1851,ILL
1852,LDR_ASR_PW
1853,ILL
1854,LDR_ROR_PW
1855,ILL
1856,STRB_LSL_P
1857,ILL
1858,STRB_LSR_P
1859,ILL
1860,STRB_ASR_P
1861,ILL
1862,STRB_ROR_P
1863,ILL
1864,STRB_LSL_P
1865,ILL
1866,STRB_LSR_P
1867,ILL
1868,STRB_ASR_P
1869,ILL
1870,STRB_ROR_P
1871,ILL
1872,LDRB_LSL_P
1873,ILL
1874,LDRB_LSR_P
1875,ILL
1876,LDRB_ASR_P
1877,ILL
1878,LDRB_ROR_P
1879,ILL
1880,LDRB_LSL_P
1881,ILL
1882,LDRB_LSR_P
1883,ILL
1884,LDRB_ASR_P
1885,ILL
1886,LDRB_ROR_P
1887,ILL
1888,STRB_LSL_PW
1889,ILL
1890,STRB_LSR_PW
1891,ILL
1892,STRB_ASR_PW
1893,ILL
1894,STRB_ROR_PW
1895,ILL
1896,STRB_LSL_PW
1897,ILL
1898,STRB_LSR_PW
1899,ILL
1900,STRB_ASR_PW
1901,ILL
1902,STRB_ROR_PW
1903,ILL
1904,LDRB_LSL_PW
1905,ILL
1906,LDRB_LSR_PW
1907,ILL
1908,LDRB_ASR_PW
1909,ILL
1910,LDRB_ROR_PW
1911,ILL
1912,LDRB_LSL_PW
1913,ILL
1914,LDRB_LSR_PW
1915,ILL
1916,LDRB_ASR_PW
1917,ILL
1918,LDRB_ROR_PW
1919,ILL
1920,STR_LSL_PU
1921,ILL
1922,STR_LSR_PU
1923,ILL
1924,STR_ASR_PU
1925,ILL
1926,STR_ROR_PU
1927,ILL
1928,STR_LSL_PU
1929,ILL
1930,STR_LSR_PU
1931,ILL
1932,STR_ASR_PU
1933,ILL
1934,STR_ROR_PU
1935,ILL
1936,LDR_LSL_PU
1937,ILL
1938,LDR_LSR_PU
1939,ILL
1940,LDR_ASR_PU
1941,ILL
1942,LDR_ROR_PU
1943,ILL
1944,LDR_LSL_PU
1945,ILL
1946,LDR_LSR_PU
1947,ILL
1948,LDR_ASR_PU
1949,ILL
1950,LDR_ROR_PU
1951,ILL
1952,STR_LSL_PUW
1953,ILL
1954,STR_LSR_PUW
1955,ILL
1956,STR_ASR_PUW
1957,ILL
1958,STR_ROR_PUW
1959,ILL
1960,STR_LSL_PUW
1961,ILL
1962,STR_LSR_PUW
1963,ILL
1964,STR_ASR_PUW
1965,ILL
1966,STR_ROR_PUW
1967,ILL
1968,LDR_LSL_PUW
1969,ILL
1970,LDR_LSR_PUW
1971,ILL
1972,LDR_ASR_PUW
1973,ILL
1974,LDR_ROR_PUW
1975,ILL
1976,LDR_LSL_PUW
1977,ILL
1978,LDR_LSR_PUW
1979,ILL
1980,LDR_ASR_PUW
1981,ILL
1982,LDR_ROR_PUW
1983,ILL
1984,STRB_LSL_PU
1985,ILL
1986,STRB_LSR_PU
1987,ILL
1988,STRB_ASR_PU
1989,ILL
1990,STRB_ROR_PU
1991,ILL
1992,STRB_LSL_PU
1993,ILL
1994,STRB_LSR_PU
1995,ILL
1996,STRB_ASR_PU
1997,ILL
1998,STRB_ROR_PU
1999,ILL
2000,LDRB_LSL_PU
2001,ILL
2002,LDRB_LSR_PU
2003,ILL
2004,LDRB_ASR_PU
2005,ILL
2006,LDRB_ROR_PU
2007,ILL
2008,LDRB_LSL_PU
2009,ILL
2010,LDRB_LSR_PU
2011,ILL
2012,LDRB_ASR_PU
2013,ILL
2014,LDRB_ROR_PU
2015,ILL
2016,STRB_LSL_PUW
2017,ILL
2018,STRB_LSR_PUW
2019,ILL
2020,STRB_ASR_PUW
2021,ILL
2022,STRB_ROR_PUW
2023,ILL
2024,STRB_LSL_PUW
2025,ILL
2026,STRB_LSR_PUW
2027,ILL
2028,STRB_ASR_PUW
2029,ILL
2030,STRB_ROR_PUW
2031,ILL
2032,LDRB_LSL_PUW
2033,ILL
2034,LDRB_LSR_PUW
2035,ILL
2036,LDRB_ASR_PUW
2037,ILL
2038,LDRB_ROR_PUW
2039,ILL
2040,LDRB_LSL_PUW
2041,ILL
2042,LDRB_LSR_PUW
2043,ILL
2044,LDRB_ASR_PUW
2045,ILL
2046,LDRB_ROR_PUW
2047,ILL
2048,STMDA
2049,STMDA
2050,STMDA
2051,STMDA
2052,STMDA
2053,STMDA
2054,STMDA
2055,STMDA
2056,STMDA
2057,STMDA
2058,STMDA
2059,STMDA
2060,STMDA
2061,STMDA
2062,STMDA
2063,STMDA
2064,LDMDA
2065,LDMDA
2066,LDMDA
2067,LDMDA
2068,LDMDA
2069,LDMDA
2070,LDMDA
2071,LDMDA
2072,LDMDA
2073,LDMDA
2074,LDMDA
2075,LDMDA
2076,LDMDA
2077,LDMDA
2078,LDMDA
2079,LDMDA
2080,STMDAW
2081,STMDAW
2082,STMDAW
2083,STMDAW
2084,STMDAW
2085,STMDAW
2086,STMDAW
2087,STMDAW
2088,STMDAW
2089,STMDAW
2090,STMDAW
2091,STMDAW
2092,STMDAW
2093,STMDAW
2094,STMDAW
2095,STMDAW
2096,LDMDAW
2097,LDMDAW
2098,LDMDAW
2099,LDMDAW
2100,LDMDAW
2101,LDMDAW
2102,LDMDAW
2103,LDMDAW
2104,LDMDAW
2105,LDMDAW
2106,LDMDAW
2107,LDMDAW
2108,LDMDAW
2109,LDMDAW
2110,LDMDAW
2111,LDMDAW
2112,STMSDA
2113,STMSDA
2114,STMSDA
2115,STMSDA
2116,STMSDA
2117,STMSDA
2118,STMSDA
2119,STMSDA
2120,STMSDA
2121,STMSDA
2122,STMSDA
2123,STMSDA
2124,STMSDA
2125,STMSDA
2126,STMSDA
2127,STMSDA
2128,LDMSDA
2129,LDMSDA
2130,LDMSDA
2131,LDMSDA
2132,LDMSDA
2133,LDMSDA
2134,LDMSDA
2135,LDMSDA
2136,LDMSDA
2137,LDMSDA
2138,LDMSDA
2139,LDMSDA
2140,LDMSDA
2141,LDMSDA
2142,LDMSDA
2143,LDMSDA
2144,STMSDAW
2145,STMSDAW
2146,STMSDAW
2147,STMSDAW
2148,STMSDAW
2149,STMSDAW
2150,STMSDAW
2151,STMSDAW
2152,STMSDAW
2153,STMSDAW
2154,STMSDAW
2155,STMSDAW
2156,STMSDAW
2157,STMSDAW
2158,STMSDAW
2159,STMSDAW
2160,LDMSDAW
2161,LDMSDAW
2162,LDMSDAW
2163,LDMSDAW
2164,LDMSDAW
2165,LDMSDAW
2166,LDMSDAW
2167,LDMSDAW
2168,LDMSDAW
2169,LDMSDAW
2170,LDMSDAW
2171,LDMSDAW
2172,LDMSDAW
2173,LDMSDAW
2174,LDMSDAW
2175,LDMSDAW
2176,STMIA
2177,STMIA
2178,STMIA
2179,STMIA
2180,STMIA
2181,STMIA
2182,STMIA
2183,STMIA
2184,STMIA
2185,STMIA
2186,STMIA
2187,STMIA
2188,STMIA
2189,STMIA
2190,STMIA
2191,STMIA
2192,LDMIA
2193,LDMIA
2194,LDMIA
2195,LDMIA
2196,LDMIA
2197,LDMIA
2198,LDMIA
2199,LDMIA
2200,LDMIA
2201,LDMIA
2202,LDMIA
2203,LDMIA
2204,LDMIA
2205,LDMIA
2206,LDMIA
2207,LDMIA
2208,STMIAW
2209,STMIAW
2210,STMIAW
2211,STMIAW
2212,STMIAW
2213,STMIAW
2214,STMIAW
2215,STMIAW
2216,STMIAW
2217,STMIAW
2218,STMIAW
2219,STMIAW
2220,STMIAW
2221,STMIAW
2222,STMIAW
2223,STMIAW
2224,LDMIAW
2225,LDMIAW
2226,LDMIAW
2227,LDMIAW
2228,LDMIAW
2229,LDMIAW
2230,LDMIAW
2231,LDMIAW
2232,LDMIAW
2233,LDMIAW
2234,LDMIAW
2235,LDMIAW
2236,LDMIAW
2237,LDMIAW
2238,LDMIAW
2239,LDMIAW
2240,STMSIA
2241,STMSIA
2242,STMSIA
2243,STMSIA
2244,STMSIA
2245,STMSIA
2246,STMSIA
2247,STMSIA
2248,STMSIA
2249,STMSIA
2250,STMSIA
2251,STMSIA
2252,STMSIA
2253,STMSIA
2254,STMSIA
2255,STMSIA
2256,LDMSIA
2257,LDMSIA
2258,LDMSIA
2259,LDMSIA
2260,LDMSIA
2261,LDMSIA
2262,LDMSIA
2263,LDMSIA
2264,LDMSIA
2265,LDMSIA
2266,LDMSIA
2267,LDMSIA
2268,LDMSIA
2269,LDMSIA
2270,LDMSIA
2271,LDMSIA
2272,STMSIAW
2273,STMSIAW
2274,STMSIAW
2275,STMSIAW
2276,STMSIAW
2277,STMSIAW
2278,STMSIAW
2279,STMSIAW
2280,STMSIAW
2281,STMSIAW
2282,STMSIAW
2283,STMSIAW
2284,STMSIAW
2285,STMSIAW
2286,STMSIAW
2287,STMSIAW
2288,LDMSIAW
2289,LDMSIAW
2290,LDMSIAW
2291,LDMSIAW
2292,LDMSIAW
2293,LDMSIAW
2294,LDMSIAW
2295,LDMSIAW
2296,LDMSIAW
2297,LDMSIAW
2298,LDMSIAW
2299,LDMSIAW
2300,LDMSIAW
2301,LDMSIAW
2302,LDMSIAW
2303,LDMSIAW
2304,STMDB
2305,STMDB
2306,STMDB
2307,STMDB
2308,STMDB
2309,STMDB
2310,STMDB
2311,STMDB
2312,STMDB
2313,STMDB
2314,STMDB
2315,STMDB
2316,STMDB
2317,STMDB
2318,STMDB
2319,STMDB
2320,LDMDB
2321,LDMDB
2322,LDMDB
2323,LDMDB
2324,LDMDB
2325,LDMDB
2326,LDMDB
2327,LDMDB
2328,LDMDB
2329,LDMDB
2330,LDMDB
2331,LDMDB
2332,LDMDB
2333,LDMDB
2334,LDMDB
2335,LDMDB
2336,STMDBW
2337,STMDBW
2338,STMDBW
2339,STMDBW
2340,STMDBW
2341,STMDBW
2342,STMDBW
2343,STMDBW
2344,STMDBW
2345,STMDBW
2346,STMDBW
2347,STMDBW
2348,STMDBW
2349,STMDBW
2350,STMDBW
2351,STMDBW
2352,LDMDBW
2353,LDMDBW
2354,LDMDBW
2355,LDMDBW
2356,LDMDBW
2357,LDMDBW
2358,LDMDBW
2359,LDMDBW
2360,LDMDBW
2361,LDMDBW
2362,LDMDBW
2363,LDMDBW
2364,LDMDBW
2365,LDMDBW
2366,LDMDBW
2367,LDMDBW
2368,STMSDB
2369,STMSDB
2370,STMSDB
2371,STMSDB
2372,STMSDB
2373,STMSDB
2374,STMSDB
2375,STMSDB
2376,STMSDB
2377,STMSDB
2378,STMSDB
2379,STMSDB
2380,STMSDB
2381,STMSDB
2382,STMSDB
2383,STMSDB
2384,LDMSDB
2385,LDMSDB
2386,LDMSDB
2387,LDMSDB
2388,LDMSDB
2389,LDMSDB
2390,LDMSDB
2391,LDMSDB
2392,LDMSDB
2393,LDMSDB
2394,LDMSDB
2395,LDMSDB
2396,LDMSDB
2397,LDMSDB
2398,LDMSDB
2399,LDMSDB
2400,STMSDBW
2401,STMSDBW
2402,STMSDBW
2403,STMSDBW
2404,STMSDBW
2405,STMSDBW
2406,STMSDBW
2407,STMSDBW
2408,STMSDBW
2409,STMSDBW
2410,STMSDBW
2411,STMSDBW
2412,STMSDBW
2413,STMSDBW
2414,STMSDBW
2415,STMSDBW
2416,LDMSDBW
2417,LDMSDBW
2418,LDMSDBW
2419,LDMSDBW
2420,LDMSDBW
2421,LDMSDBW
2422,LDMSDBW
2423,LDMSDBW
2424,LDMSDBW
2425,LDMSDBW
2426,LDMSDBW
2427,LDMSDBW
2428,LDMSDBW
2429,LDMSDBW
2430,LDMSDBW
2431,LDMSDBW
2432,STMIB
2433,STMIB
2434,STMIB
2435,STMIB
2436,STMIB
2437,STMIB
2438,STMIB
2439,STMIB
2440,STMIB
2441,STMIB
2442,STMIB
2443,STMIB
2444,STMIB
2445,STMIB
2446,STMIB
2447,STMIB
2448,LDMIB
2449,LDMIB
2450,LDMIB
2451,LDMIB
2452,LDMIB
2453,LDMIB
2454,LDMIB
2455,LDMIB
2456,LDMIB
2457,LDMIB
2458,LDMIB
2459,LDMIB
2460,LDMIB
2461,LDMIB
2462,LDMIB
2463,LDMIB
2464,STMIBW
2465,STMIBW
2466,STMIBW
2467,STMIBW
2468,STMIBW
2469,STMIBW
2470,STMIBW
2471,STMIBW
2472,STMIBW
2473,STMIBW
2474,STMIBW
2475,STMIBW
2476,STMIBW
2477,STMIBW
2478,STMIBW
2479,STMIBW
2480,LDMIBW
2481,LDMIBW
2482,LDMIBW
2483,LDMIBW
2484,LDMIBW
2485,LDMIBW
2486,LDMIBW
2487,LDMIBW
2488,LDMIBW
2489,LDMIBW
2490,LDMIBW
2491,LDMIBW
2492,LDMIBW
2493,LDMIBW
2494,LDMIBW
2495,LDMIBW
2496,STMSIB
2497,STMSIB
2498,STMSIB
2499,STMSIB
2500,STMSIB
2501,STMSIB
2502,STMSIB
2503,STMSIB
2504,STMSIB
2505,STMSIB
2506,STMSIB
2507,STMSIB
2508,STMSIB
2509,STMSIB
2510,STMSIB
2511,STMSIB
2512,LDMSIB
2513,LDMSIB
2514,LDMSIB
2515,LDMSIB
2516,LDMSIB
2517,LDMSIB
2518,LDMSIB
2519,LDMSIB
2520,LDMSIB
2521,LDMSIB
2522,LDMSIB
2523,LDMSIB
2524,LDMSIB
2525,LDMSIB
2526,LDMSIB
2527,LDMSIB
2528,STMSIBW
2529,STMSIBW
2530,STMSIBW
2531,STMSIBW
2532,STMSIBW
2533,STMSIBW
2534,STMSIBW
2535,STMSIBW
2536,STMSIBW
2537,STMSIBW
2538,STMSIBW
2539,STMSIBW
2540,STMSIBW
2541,STMSIBW
2542,STMSIBW
2543,STMSIBW
2544,LDMSIBW
2545,LDMSIBW
2546,LDMSIBW
2547,LDMSIBW
2548,LDMSIBW
2549,LDMSIBW
2550,LDMSIBW
2551,LDMSIBW
2552,LDMSIBW
2553,LDMSIBW
2554,LDMSIBW
2555,LDMSIBW
2556,LDMSIBW
2557,LDMSIBW
2558,LDMSIBW
2559,LDMSIBW
2560,B
2561,B
2562,B
2563,B
2564,B
2565,B
2566,B
2567,B
2568,B
2569,B
2570,B
2571,B
2572,B
2573,B
2574,B
2575,B
2576,B
2577,B
2578,B
2579,B
2580,B
2581,B
2582,B
2583,B
2584,B
2585,B
2586,B
2587,B
2588,B
2589,B
2590,B
2591,B
2592,B
2593,B
2594,B
2595,B
2596,B
2597,B
2598,B
2599,B
2600,B
2601,B
2602,B
2603,B
2604,B
2605,B
2606,B
2607,B
2608,B
2609,B
2610,B
2611,B
2612,B
2613,B
2614,B
2615,B
2616,B
2617,B
2618,B
2619,B
2620,B
2621,B
2622,B
2623,B
2624,B
2625,B
2626,B
2627,B
2628,B
2629,B
2630,B
2631,B
2632,B
2633,B
2634,B
2635,B
2636,B
2637,B
2638,B
2639,B
2640,B
2641,B
2642,B
2643,B
2644,B
2645,B
2646,B
2647,B
2648,B
2649,B
2650,B
2651,B
2652,B
2653,B
2654,B
2655,B
2656,B
2657,B
2658,B
2659,B
2660,B
2661,B
2662,B
2663,B
2664,B
2665,B
2666,B
2667,B
2668,B
2669,B
2670,B
2671,B
2672,B
2673,B
2674,B
2675,B
2676,B
2677,B
2678,B
2679,B
2680,B
2681,B
2682,B
2683,B
2684,B
2685,B
2686,B
2687,B
2688,B
2689,B
2690,B
2691,B
2692,B
2693,B
2694,B
2695,B
2696,B
2697,B
2698,B
2699,B
2700,B
2701,B
2702,B
2703,B
2704,B
2705,B
2706,B
2707,B
2708,B
2709,B
2710,B
2711,B
2712,B
2713,B
2714,B
2715,B
2716,B
2717,B
2718,B
2719,B
2720,B
2721,B
2722,B
2723,B
2724,B
2725,B
2726,B
2727,B
2728,B
2729,B
2730,B
2731,B
2732,B
2733,B
2734,B
2735,B
2736,B
2737,B
2738,B
2739,B
2740,B
2741,B
2742,B
2743,B
2744,B
2745,B
2746,B
2747,B
2748,B
2749,B
2750,B
2751,B
2752,B
2753,B
2754,B
2755,B
2756,B
2757,B
2758,B
2759,B
2760,B
2761,B
2762,B
2763,B
2764,B
2765,B
2766,B
2767,B
2768,B
2769,B
2770,B
2771,B
2772,B
2773,B
2774,B
2775,B
2776,B
2777,B
2778,B
2779,B
2780,B
2781,B
2782,B
2783,B
2784,B
2785,B
2786,B
2787,B
2788,B
2789,B
2790,B
2791,B
2792,B
2793,B
2794,B
2795,B
2796,B
2797,B
2798,B
2799,B
2800,B
2801,B
2802,B
2803,B
2804,B
2805,B
2806,B
2807,B
2808,B
2809,B
2810,B
2811,B
2812,B
2813,B
2814,B
2815,B
2816,BL
2817,BL
2818,BL
2819,BL
2820,BL
2821,BL
2822,BL
2823,BL
2824,BL
2825,BL
2826,BL
2827,BL
2828,BL
2829,BL
2830,BL
2831,BL
2832,BL
2833,BL
2834,BL
2835,BL
2836,BL
2837,BL
2838,BL
2839,BL
2840,BL
2841,BL
2842,BL
2843,BL
2844,BL
2845,BL
2846,BL
2847,BL
2848,BL
2849,BL
2850,BL
2851,BL
2852,BL
2853,BL
2854,BL
2855,BL
2856,BL
2857,BL
2858,BL
2859,BL
2860,BL
2861,BL
2862,BL
2863,BL
2864,BL
2865,BL
2866,BL
2867,BL
2868,BL
2869,BL
2870,BL
2871,BL
2872,BL
2873,BL
2874,BL
2875,BL
2876,BL
2877,BL
2878,BL
2879,BL
2880,BL
2881,BL
2882,BL
2883,BL
2884,BL
2885,BL
2886,BL
2887,BL
2888,BL
2889,BL
2890,BL
2891,BL
2892,BL
2893,BL
2894,BL
2895,BL
2896,BL
2897,BL
2898,BL
2899,BL
2900,BL
2901,BL
2902,BL
2903,BL
2904,BL
2905,BL
2906,BL
2907,BL
2908,BL
2909,BL
2910,BL
2911,BL
2912,BL
2913,BL
2914,BL
2915,BL
2916,BL
2917,BL
2918,BL
2919,BL
2920,BL
2921,BL
2922,BL
2923,BL
2924,BL
2925,BL
2926,BL
2927,BL
2928,BL
2929,BL
2930,BL
2931,BL
2932,BL
2933,BL
2934,BL
2935,BL
2936,BL
2937,BL
2938,BL
2939,BL
2940,BL
2941,BL
2942,BL
2943,BL
2944,BL
2945,BL
2946,BL
2947,BL
2948,BL
2949,BL
2950,BL
2951,BL
2952,BL
2953,BL
2954,BL
2955,BL
2956,BL
2957,BL
2958,BL
2959,BL
2960,BL
2961,BL
2962,BL
2963,BL
2964,BL
2965,BL
2966,BL
2967,BL
2968,BL
2969,BL
2970,BL
2971,BL
2972,BL
2973,BL
2974,BL
2975,BL
2976,BL
2977,BL
2978,BL
2979,BL
2980,BL
2981,BL
2982,BL
2983,BL
2984,BL
2985,BL
2986,BL
2987,BL
2988,BL
2989,BL
2990,BL
2991,BL
2992,BL
2993,BL
2994,BL
2995,BL
2996,BL
2997,BL
2998,BL
2999,BL
3000,BL
3001,BL
3002,BL
3003,BL
3004,BL
3005,BL
3006,BL
3007,BL
3008,BL
3009,BL
3010,BL
3011,BL
3012,BL
3013,BL
3014,BL
3015,BL
3016,BL
3017,BL
3018,BL
3019,BL
3020,BL
3021,BL
3022,BL
3023,BL
3024,BL
3025,BL
3026,BL
3027,BL
3028,BL
3029,BL
3030,BL
3031,BL
3032,BL
3033,BL
3034,BL
3035,BL
3036,BL
3037,BL
3038,BL
3039,BL
3040,BL
3041,BL
3042,BL
3043,BL
3044,BL
3045,BL
3046,BL
3047,BL
3048,BL
3049,BL
3050,BL
3051,BL
3052,BL
3053,BL
3054,BL
3055,BL
3056,BL
3057,BL
3058,BL
3059,BL
3060,BL
3061,BL
3062,BL
3063,BL
3064,BL
3065,BL
3066,BL
3067,BL
3068,BL
3069,BL
3070,BL
3071,BL
3072,STC
3073,STC
3074,STC
3075,STC
3076,STC
3077,STC
3078,STC
3079,STC
3080,STC
3081,STC
3082,STC
3083,STC
3084,STC
3085,STC
3086,STC
3087,STC
3088,LDC
3089,LDC
3090,LDC
3091,LDC
3092,LDC
3093,LDC
3094,LDC
3095,LDC
3096,LDC
3097,LDC
3098,LDC
3099,LDC
3100,LDC
3101,LDC
3102,LDC
3103,LDC
3104,STC
3105,STC
3106,STC
3107,STC
3108,STC
3109,STC
3110,STC
3111,STC
3112,STC
3113,STC
3114,STC
3115,STC
3116,STC
3117,STC
3118,STC
3119,STC
3120,LDC
3121,LDC
3122,LDC
3123,LDC
3124,LDC
3125,LDC
3126,LDC
3127,LDC
3128,LDC
3129,LDC
3130,LDC
3131,LDC
3132,LDC
3133,LDC
3134,LDC
3135,LDC
3136,STC
3137,STC
3138,STC
3139,STC
3140,STC
3141,STC
3142,STC
3143,STC
3144,STC
3145,STC
3146,STC
3147,STC
3148,STC
3149,STC
3150,STC
3151,STC
3152,LDC
3153,LDC
3154,LDC
3155,LDC
3156,LDC
3157,LDC
3158,LDC
3159,LDC
3160,LDC
3161,LDC
3162,LDC
3163,LDC
3164,LDC
3165,LDC
3166,LDC
3167,LDC
3168,STC
3169,STC
3170,STC
3171,STC
3172,STC
3173,STC
3174,STC
3175,STC
3176,STC
3177,STC
3178,STC
3179,STC
3180,STC
3181,STC
3182,STC
3183,STC
3184,LDC
3185,LDC
3186,LDC
3187,LDC
3188,LDC
3189,LDC
3190,LDC
3191,LDC
3192,LDC
3193,LDC
3194,LDC
3195,LDC
3196,LDC
3197,LDC
3198,LDC
3199,LDC
3200,STC
3201,STC
3202,STC
3203,STC
3204,STC
3205,STC
3206,STC
3207,STC
3208,STC
3209,STC
3210,STC
3211,STC
3212,STC
3213,STC
3214,STC
3215,STC
3216,LDC
3217,LDC
3218,LDC
3219,LDC
3220,LDC
3221,LDC
3222,LDC
3223,LDC
3224,LDC
3225,LDC
3226,LDC
3227,LDC
3228,LDC
3229,LDC
3230,LDC
3231,LDC
3232,STC
3233,STC
3234,STC
3235,STC
3236,STC
3237,STC
3238,STC
3239,STC
3240,STC
3241,STC
3242,STC
3243,STC
3244,STC
3245,STC
3246,STC
3247,STC
3248,LDC
3249,LDC
3250,LDC
3251,LDC
3252,LDC
3253,LDC
3254,LDC
3255,LDC
3256,LDC
3257,LDC
3258,LDC
3259,LDC
3260,LDC
3261,LDC
3262,LDC
3263,LDC
3264,STC
3265,STC
3266,STC
3267,STC
3268,STC
3269,STC
3270,STC
3271,STC
3272,STC
3273,STC
3274,STC
3275,STC
3276,STC
3277,STC
3278,STC
3279,STC
3280,LDC
3281,LDC
3282,LDC
3283,LDC
3284,LDC
3285,LDC
3286,LDC
3287,LDC
3288,LDC
3289,LDC
3290,LDC
3291,LDC
3292,LDC
3293,LDC
3294,LDC
3295,LDC
3296,STC
3297,STC
3298,STC
3299,STC
3300,STC
3301,STC
3302,STC
3303,STC
3304,STC
3305,STC
3306,STC
3307,STC
3308,STC
3309,STC
3310,STC
3311,STC
3312,LDC
3313,LDC
3314,LDC
3315,LDC
3316,LDC
3317,LDC
3318,LDC
3319,LDC
3320,LDC
3321,LDC
3322,LDC
3323,LDC
3324,LDC
3325,LDC
3326,LDC
3327,LDC
3328,STC
3329,STC
3330,STC
3331,STC
3332,STC
3333,STC
3334,STC
3335,STC
3336,STC
3337,STC
3338,STC
3339,STC
3340,STC
3341,STC
3342,STC
3343,STC
3344,LDC
3345,LDC
3346,LDC
3347,LDC
3348,LDC
3349,LDC
3350,LDC
3351,LDC
3352,LDC
3353,LDC
3354,LDC
3355,LDC
3356,LDC
3357,LDC
3358,LDC
3359,LDC
3360,STC
3361,STC
3362,STC
3363,STC
3364,STC
3365,STC
3366,STC
3367,STC
3368,STC
3369,STC
3370,STC
3371,STC
3372,STC
3373,STC
3374,STC
3375,STC
3376,LDC
3377,LDC
3378,LDC
3379,LDC
3380,LDC
3381,LDC
3382,LDC
3383,LDC
3384,LDC
3385,LDC
3386,LDC
3387,LDC
3388,LDC
3389,LDC
3390,LDC
3391,LDC
3392,STC
3393,STC
3394,STC
3395,STC
3396,STC
3397,STC
3398,STC
3399,STC
3400,STC
3401,STC
3402,STC
3403,STC
3404,STC
3405,STC
3406,STC
3407,STC
3408,LDC
3409,LDC
3410,LDC
3411,LDC
3412,LDC
3413,LDC
3414,LDC
3415,LDC
3416,LDC
3417,LDC
3418,LDC
3419,LDC
3420,LDC
3421,LDC
3422,LDC
3423,LDC
3424,STC
3425,STC
3426,STC
3427,STC
3428,STC
3429,STC
3430,STC
3431,STC
3432,STC
3433,STC
3434,STC
3435,STC
3436,STC
3437,STC
3438,STC
3439,STC
3440,LDC
3441,LDC
3442,LDC
3443,LDC
3444,LDC
3445,LDC
3446,LDC
3447,LDC
3448,LDC
3449,LDC
3450,LDC
3451,LDC
3452,LDC
3453,LDC
3454,LDC
3455,LDC
3456,STC
3457,STC
3458,STC
3459,STC
3460,STC
3461,STC
3462,STC
3463,STC
3464,STC
3465,STC
3466,STC
3467,STC
3468,STC
3469,STC
3470,STC
3471,STC
3472,LDC
3473,LDC
3474,LDC
3475,LDC
3476,LDC
3477,LDC
3478,LDC
3479,LDC
3480,LDC
3481,LDC
3482,LDC
3483,LDC
3484,LDC
3485,LDC
3486,LDC
3487,LDC
3488,STC
3489,STC
3490,STC
3491,STC
3492,STC
3493,STC
3494,STC
3495,STC
3496,STC
3497,STC
3498,STC
3499,STC
3500,STC
3501,STC
3502,STC
3503,STC
3504,LDC
3505,LDC
3506,LDC
3507,LDC
3508,LDC
3509,LDC
3510,LDC
3511,LDC
3512,LDC
3513,LDC
3514,LDC
3515,LDC
3516,LDC
3517,LDC
3518,LDC
3519,LDC
3520,STC
3521,STC
3522,STC
3523,STC
3524,STC
3525,STC
3526,STC
3527,STC
3528,STC
3529,STC
3530,STC
3531,STC
3532,STC
3533,STC
3534,STC
3535,STC
3536,LDC
3537,LDC
3538,LDC
3539,LDC
3540,LDC
3541,LDC
3542,LDC
3543,LDC
3544,LDC
3545,LDC
3546,LDC
3547,LDC
3548,LDC
3549,LDC
3550,LDC
3551,LDC
3552,STC
3553,STC
3554,STC
3555,STC
3556,STC
3557,STC
3558,STC
3559,STC
3560,STC
3561,STC
3562,STC
3563,STC
3564,STC
3565,STC
3566,STC
3567,STC
3568,LDC
3569,LDC
3570,LDC
3571,LDC
3572,LDC
3573,LDC
3574,LDC
3575,LDC
3576,LDC
3577,LDC
3578,LDC
3579,LDC
3580,LDC
3581,LDC
3582,LDC
3583,LDC
3584,CDP
3585,MCR
3586,CDP
3587,MCR
3588,CDP
3589,MCR
3590,CDP
3591,MCR
3592,CDP
3593,MCR
3594,CDP
3595,MCR
3596,CDP
3597,MCR
3598,CDP
3599,MCR
3600,CDP
3601,MRC
3602,CDP
3603,MRC
3604,CDP
3605,MRC
3606,CDP
3607,MRC
3608,CDP
3609,MRC
3610,CDP
3611,MRC
3612,CDP
3613,MRC
3614,CDP
3615,MRC
3616,CDP
3617,MCR
3618,CDP
3619,MCR
3620,CDP
3621,MCR
3622,CDP
3623,MCR
3624,CDP
3625,MCR
3626,CDP
3627,MCR
3628,CDP
3629,MCR
3630,CDP
3631,MCR
3632,CDP
3633,MRC
3634,CDP
3635,MRC
3636,CDP
3637,MRC
3638,CDP
3639,MRC
3640,CDP
3641,MRC
3642,CDP
3643,MRC
3644,CDP
3645,MRC
3646,CDP
3647,MRC
3648,CDP
3649,MCR
3650,CDP
3651,MCR
3652,CDP
3653,MCR
3654,CDP
3655,MCR
3656,CDP
3657,MCR
3658,CDP
3659,MCR
3660,CDP
3661,MCR
3662,CDP
3663,MCR
3664,CDP
3665,MRC
3666,CDP
3667,MRC
3668,CDP
3669,MRC
3670,CDP
3671,MRC
3672,CDP
3673,MRC
3674,CDP
3675,MRC
3676,CDP
3677,MRC
3678,CDP
3679,MRC
3680,CDP
3681,MCR
3682,CDP
3683,MCR
3684,CDP
3685,MCR
3686,CDP
3687,MCR
3688,CDP
3689,MCR
3690,CDP
3691,MCR
3692,CDP
3693,MCR
3694,CDP
3695,MCR
3696,CDP
3697,MRC
3698,CDP
3699,MRC
3700,CDP
3701,MRC
3702,CDP
3703,MRC
3704,CDP
3705,MRC
3706,CDP
3707,MRC
3708,CDP
3709,MRC
3710,CDP
3711,MRC
3712,CDP
3713,MCR
3714,CDP
3715,MCR
3716,CDP
3717,MCR
3718,CDP
3719,MCR
3720,CDP
3721,MCR
3722,CDP
3723,MCR
3724,CDP
3725,MCR
3726,CDP
3727,MCR
3728,CDP
3729,MRC
3730,CDP
3731,MRC
3732,CDP
3733,MRC
3734,CDP
3735,MRC
3736,CDP
3737,MRC
3738,CDP
3739,MRC
3740,CDP
3741,MRC
3742,CDP
3743,MRC
3744,CDP
3745,MCR
3746,CDP
3747,MCR
3748,CDP
3749,MCR
3750,CDP
3751,MCR
3752,CDP
3753,MCR
3754,CDP
3755,MCR
3756,CDP
3757,MCR
3758,CDP
3759,MCR
3760,CDP
3761,MRC
3762,CDP
3763,MRC
3764,CDP
3765,MRC
3766,CDP
3767,MRC
3768,CDP
3769,MRC
3770,CDP
3771,MRC
3772,CDP
3773,MRC
3774,CDP
3775,MRC
3776,CDP
3777,MCR
3778,CDP
3779,MCR
3780,CDP
3781,MCR
3782,CDP
3783,MCR
3784,CDP
3785,MCR
3786,CDP
3787,MCR
3788,CDP
3789,MCR
3790,CDP
3791,MCR
3792,CDP
3793,MRC
3794,CDP
3795,MRC
3796,CDP
3797,MRC
3798,CDP
3799,MRC
3800,CDP
3801,MRC
3802,CDP
3803,MRC
3804,CDP
3805,MRC
3806,CDP
3807,MRC
3808,CDP
3809,MCR
3810,CDP
3811,MCR
3812,CDP
3813,MCR
3814,CDP
3815,MCR
3816,CDP
3817,MCR
3818,CDP
3819,MCR
3820,CDP
3821,MCR
3822,CDP
3823,MCR
3824,CDP
3825,MRC
3826,CDP
3827,MRC
3828,CDP
3829,MRC
3830,CDP
3831,MRC
3832,CDP
3833,MRC
3834,CDP
3835,MRC
3836,CDP
3837,MRC
3838,CDP
3839,MRC
3840,SWI
3841,SWI
3842,SWI
3843,SWI
3844,SWI
3845,SWI
3846,SWI
3847,SWI
3848,SWI
3849,SWI
3850,SWI
3851,SWI
3852,SWI
3853,SWI
3854,SWI
3855,SWI
3856,SWI
3857,SWI
3858,SWI
3859,SWI
3860,SWI
3861,SWI
3862,SWI
3863,SWI
3864,SWI
3865,SWI
3866,SWI
3867,SWI
3868,SWI
3869,SWI
3870,SWI
3871,SWI
3872,SWI
3873,SWI
3874,SWI
3875,SWI
3876,SWI
3877,SWI
3878,SWI
3879,SWI
3880,SWI
3881,SWI
3882,SWI
3883,SWI
3884,SWI
3885,SWI
3886,SWI
3887,SWI
3888,SWI
3889,SWI
3890,SWI
3891,SWI
3892,SWI
3893,SWI
3894,SWI
3895,SWI
3896,SWI
3897,SWI
3898,SWI
3899,SWI
3900,SWI
3901,SWI
3902,SWI
3903,SWI
3904,SWI
3905,SWI
3906,SWI
3907,SWI
3908,SWI
3909,SWI
3910,SWI
3911,SWI
3912,SWI
3913,SWI
3914,SWI
3915,SWI
3916,SWI
3917,SWI
3918,SWI
3919,SWI
3920,SWI
3921,SWI
3922,SWI
3923,SWI
3924,SWI
3925,SWI
3926,SWI
3927,SWI
3928,SWI
3929,SWI
3930,SWI
3931,SWI
3932,SWI
3933,SWI
3934,SWI
3935,SWI
3936,SWI
3937,SWI
3938,SWI
3939,SWI
3940,SWI
3941,SWI
3942,SWI
3943,SWI
3944,SWI
3945,SWI
3946,SWI
3947,SWI
3948,SWI
3949,SWI
3950,SWI
3951,SWI
3952,SWI
3953,SWI
3954,SWI
3955,SWI
3956,SWI
3957,SWI
3958,SWI
3959,SWI
3960,SWI
3961,SWI
3962,SWI
3963,SWI
3964,SWI
3965,SWI
3966,SWI
3967,SWI
3968,SWI
3969,SWI
3970,SWI
3971,SWI
3972,SWI
3973,SWI
3974,SWI
3975,SWI
3976,SWI
3977,SWI
3978,SWI
3979,SWI
3980,SWI
3981,SWI
3982,SWI
3983,SWI
3984,SWI
3985,SWI
3986,SWI
3987,SWI
3988,SWI
3989,SWI
3990,SWI
3991,SWI
3992,SWI
3993,SWI
3994,SWI
3995,SWI
3996,SWI
3997,SWI
3998,SWI
3999,SWI
4000,SWI
4001,SWI
4002,SWI
4003,SWI
4004,SWI
4005,SWI
4006,SWI
4007,SWI
4008,SWI
4009,SWI
4010,SWI
4011,SWI
4012,SWI
4013,SWI
4014,SWI
4015,SWI
4016,SWI
4017,SWI
4018,SWI
4019,SWI
4020,SWI
4021,SWI
4022,SWI
4023,SWI
4024,SWI
4025,SWI
4026,SWI
4027,SWI
4028,SWI
4029,SWI
4030,SWI
4031,SWI
4032,SWI
4033,SWI
4034,SWI
4035,SWI
4036,SWI
4037,SWI
4038,SWI
4039,SWI
4040,SWI
4041,SWI
4042,SWI
4043,SWI
4044,SWI
4045,SWI
4046,SWI
4047,SWI
4048,SWI
4049,SWI
4050,SWI
4051,SWI
4052,SWI
4053,SWI
4054,SWI
4055,SWI
4056,SWI
4057,SWI
4058,SWI
4059,SWI
4060,SWI
4061,SWI
4062,SWI
4063,SWI
4064,SWI
4065,SWI
4066,SWI
4067,SWI
4068,SWI
4069,SWI
4070,SWI
4071,SWI
4072,SWI
4073,SWI
4074,SWI
4075,SWI
4076,SWI
4077,SWI
4078,SWI
4079,SWI
4080,SWI
4081,SWI
4082,SWI
4083,SWI
4084,SWI
4085,SWI
4086,SWI
4087,SWI
4088,SWI
4089,SWI
4090,SWI
4091,SWI
4092,SWI
4093,SWI
4094,SWI
4095,SWI
